[
  {
    "vin": "1HGBH41JXMN109186",
    "year": 2018,
    "make": "Toyota",
    "model": "Camry",
    "trim": "SE",
    "price": 16490,
    "mileage": 64250,
    "body_type": "Sedan",
    "drivetrain": "FWD",
    "engine": "2.5L I4",
    "transmission": "Automatic",
    "fuel_type": "Gasoline",
    "exterior_color": "Silver",
    "interior_color": "Black",
    "city_mpg": 28,
    "hwy_mpg": 39,
    "images": [
      "assets/car1.svg"
    ],
    "features": [
      "Backup Camera",
      "Bluetooth",
      "Lane Assist",
      "Apple CarPlay"
    ],
    "description": "Clean title, well-maintained Camry SE with great fuel economy and a sporty feel.",
    "location": "14050 Highway Kk, Lebanon, MO 65536"
  },
  {
    "vin": "2C3CDXBG4JH204567",
    "year": 2020,
    "make": "Honda",
    "model": "CR-V",
    "trim": "EX",
    "price": 22475,
    "mileage": 38120,
    "body_type": "SUV",
    "drivetrain": "AWD",
    "engine": "1.5L Turbo I4",
    "transmission": "CVT",
    "fuel_type": "Gasoline",
    "exterior_color": "Blue",
    "interior_color": "Gray",
    "city_mpg": 27,
    "hwy_mpg": 32,
    "images": [
      "assets/car2.svg"
    ],
    "features": [
      "Remote Start",
      "Heated Seats",
      "Blind Spot Monitor",
      "Moonroof"
    ],
    "description": "One-owner CR-V EX AWD with advanced safety tech and roomy cargo space.",
    "location": "14050 Highway Kk, Lebanon, MO 65536"
  },
  {
    "vin": "1FTFW1EF1EKE12345",
    "year": 2017,
    "make": "Ford",
    "model": "F-150",
    "trim": "XLT",
    "price": 25990,
    "mileage": 72800,
    "body_type": "Truck",
    "drivetrain": "4WD",
    "engine": "5.0L V8",
    "transmission": "Automatic",
    "fuel_type": "Gasoline",
    "exterior_color": "White",
    "interior_color": "Black",
    "city_mpg": 15,
    "hwy_mpg": 21,
    "images": [
      "assets/car3.svg"
    ],
    "features": [
      "Tow Package",
      "Bed Liner",
      "Bluetooth",
      "Keyless Entry"
    ],
    "description": "Strong and reliable F-150 XLT 4x4 \u2014 ready for work or play.",
    "location": "14050 Highway Kk, Lebanon, MO 65536"
  }
]